Unnamed: 0,index,pp01,year,month,ten_days,stno
0,,198.5,1992.0,7.0,1,C0G650
1,,6.0,1992.0,7.0,2,C0G650
2,,9.5,1992.0,7.0,3,C0G650
3,,36.5,1992.0,8.0,1,C0G650
4,,73.5,1992.0,8.0,2,C0G650
5,,266.0,1992.0,8.0,3,C0G650
6,,46.0,1992.0,9.0,1,C0G650
7,,24.5,1992.0,9.0,2,C0G650
8,,41.5,1992.0,9.0,3,C0G650
9,,0.0,1992.0,10.0,1,C0G650
10,,0.0,1992.0,10.0,2,C0G650
11,,0.0,1992.0,10.0,3,C0G650
12,,0.0,1992.0,11.0,1,C0G650
13,,0.0,1992.0,11.0,2,C0G650
14,,0.0,1992.0,11.0,3,C0G650
15,,0.0,1992.0,12.0,1,C0G650
16,,0.0,1992.0,12.0,2,C0G650
17,,8.0,1992.0,12.0,3,C0G650
0,,0.0,1993.0,1.0,1,C0G650
1,,9.5,1993.0,1.0,2,C0G650
2,,1.5,1993.0,1.0,3,C0G650
3,,0.0,1993.0,2.0,1,C0G650
4,,0.0,1993.0,2.0,2,C0G650
5,,1.5,1993.0,2.0,3,C0G650
6,,4.5,1993.0,3.0,1,C0G650
8,,99.0,1993.0,3.0,2,C0G650
10,,7.0,1993.0,3.0,3,C0G650
12,,27.0,1993.0,4.0,1,C0G650
14,,6.5,1993.0,4.0,2,C0G650
16,,136.0,1993.0,4.0,3,C0G650
18,,126.5,1993.0,5.0,1,C0G650
20,,0.0,1993.0,5.0,2,C0G650
22,,133.5,1993.0,5.0,3,C0G650
24,,220.5,1993.0,6.0,1,C0G650
26,,53.0,1993.0,6.0,2,C0G650
28,,3.5,1993.0,6.0,3,C0G650
30,,0.5,1993.0,7.0,1,C0G650
32,,54.0,1993.0,7.0,2,C0G650
34,,97.0,1993.0,7.0,3,C0G650
36,,81.0,1993.0,8.0,1,C0G650
38,,31.5,1993.0,8.0,2,C0G650
40,,61.5,1993.0,8.0,3,C0G650
42,,0.0,1993.0,9.0,1,C0G650
44,,27.5,1993.0,9.0,2,C0G650
46,,0.0,1993.0,9.0,3,C0G650
48,,0.0,1993.0,10.0,1,C0G650
50,,0.0,1993.0,10.0,2,C0G650
52,,1.0,1993.0,10.0,3,C0G650
54,,0.0,1993.0,11.0,1,C0G650
56,,26.0,1993.0,11.0,2,C0G650
58,,139.5,1993.0,11.0,3,C0G650
60,,0.0,1993.0,12.0,1,C0G650
62,,4.5,1993.0,12.0,2,C0G650
64,,0.0,1993.0,12.0,3,C0G650
0,,9.0,1994.0,1.0,1,C0G650
2,,8.5,1994.0,1.0,2,C0G650
4,,62.0,1994.0,1.0,3,C0G650
6,,0.0,1994.0,2.0,1,C0G650
8,,173.0,1994.0,2.0,2,C0G650
10,,7.0,1994.0,2.0,3,C0G650
12,,21.0,1994.0,3.0,1,C0G650
14,,14.5,1994.0,3.0,2,C0G650
16,,6.0,1994.0,3.0,3,C0G650
18,,3.0,1994.0,4.0,1,C0G650
20,,7.5,1994.0,4.0,2,C0G650
22,,1.0,1994.0,4.0,3,C0G650
24,,771.0,1994.0,5.0,1,C0G650
26,,139.5,1994.0,5.0,2,C0G650
28,,39.0,1994.0,5.0,3,C0G650
30,,61.5,1994.0,6.0,1,C0G650
32,,163.5,1994.0,6.0,2,C0G650
34,,8.0,1994.0,6.0,3,C0G650
36,,34.0,1994.0,7.0,1,C0G650
38,,97.0,1994.0,7.0,2,C0G650
40,,55.5,1994.0,7.0,3,C0G650
42,,261.0,1994.0,8.0,1,C0G650
44,,68.0,1994.0,8.0,2,C0G650
46,,12.5,1994.0,8.0,3,C0G650
48,,83.0,1994.0,9.0,1,C0G650
50,,1.5,1994.0,9.0,2,C0G650
52,,17.5,1994.0,9.0,3,C0G650
54,,7.0,1994.0,10.0,1,C0G650
56,,1.0,1994.0,10.0,2,C0G650
58,,0.0,1994.0,10.0,3,C0G650
60,,0.0,1994.0,11.0,1,C0G650
62,,0.0,1994.0,11.0,2,C0G650
64,,0.0,1994.0,11.0,3,C0G650
66,,1.0,1994.0,12.0,1,C0G650
68,,0.0,1994.0,12.0,2,C0G650
70,,11.5,1994.0,12.0,3,C0G650
0,,1.5,1995.0,1.0,1,C0G650
2,,0.0,1995.0,1.0,2,C0G650
4,,6.5,1995.0,1.0,3,C0G650
6,,1.0,1995.0,2.0,1,C0G650
8,,23.5,1995.0,2.0,2,C0G650
10,,47.5,1995.0,2.0,3,C0G650
12,,39.0,1995.0,3.0,1,C0G650
14,,20.0,1995.0,3.0,2,C0G650
16,,9.5,1995.0,3.0,3,C0G650
18,,56.0,1995.0,4.0,1,C0G650
20,,0.0,1995.0,4.0,2,C0G650
22,,0.0,1995.0,4.0,3,C0G650
24,,0.5,1995.0,5.0,1,C0G650
26,,75.5,1995.0,5.0,2,C0G650
28,,33.0,1995.0,5.0,3,C0G650
30,,399.5,1995.0,6.0,1,C0G650
32,,24.5,1995.0,6.0,2,C0G650
34,,0.0,1995.0,6.0,3,C0G650
36,,55.5,1995.0,7.0,1,C0G650
38,,53.0,1995.0,7.0,2,C0G650
40,,140.5,1995.0,7.0,3,C0G650
42,,21.5,1995.0,8.0,1,C0G650
44,,13.5,1995.0,8.0,2,C0G650
46,,39.0,1995.0,8.0,3,C0G650
48,,2.0,1995.0,9.0,1,C0G650
50,,20.0,1995.0,9.0,2,C0G650
52,,29.0,1995.0,9.0,3,C0G650
54,,2.0,1995.0,10.0,1,C0G650
56,,0.0,1995.0,10.0,2,C0G650
58,,0.0,1995.0,10.0,3,C0G650
60,,0.0,1995.0,11.0,1,C0G650
62,,0.0,1995.0,11.0,2,C0G650
64,,0.0,1995.0,11.0,3,C0G650
66,,0.0,1995.0,12.0,1,C0G650
68,,2.0,1995.0,12.0,2,C0G650
70,,0.0,1995.0,12.0,3,C0G650
0,,0.0,1996.0,1.0,1,C0G650
2,,13.0,1996.0,1.0,2,C0G650
4,,0.0,1996.0,1.0,3,C0G650
6,,0.0,1996.0,2.0,1,C0G650
8,,6.5,1996.0,2.0,2,C0G650
10,,21.5,1996.0,2.0,3,C0G650
12,,25.5,1996.0,3.0,1,C0G650
14,,3.0,1996.0,3.0,2,C0G650
16,,5.0,1996.0,3.0,3,C0G650
18,,65.0,1996.0,4.0,1,C0G650
20,,65.5,1996.0,4.0,2,C0G650
22,,16.5,1996.0,4.0,3,C0G650
24,,240.0,1996.0,5.0,1,C0G650
26,,0.0,1996.0,5.0,2,C0G650
28,,161.0,1996.0,5.0,3,C0G650
30,,1.5,1996.0,6.0,1,C0G650
32,,37.0,1996.0,6.0,2,C0G650
34,,40.0,1996.0,6.0,3,C0G650
36,,1.5,1996.0,7.0,1,C0G650
38,,6.5,1996.0,7.0,2,C0G650
40,,143.5,1996.0,7.0,3,C0G650
42,,338.0,1996.0,8.0,1,C0G650
44,,55.5,1996.0,8.0,2,C0G650
46,,31.5,1996.0,8.0,3,C0G650
48,,3.0,1996.0,9.0,1,C0G650
50,,0.0,1996.0,9.0,2,C0G650
52,,4.0,1996.0,9.0,3,C0G650
54,,0.0,1996.0,10.0,1,C0G650
56,,7.5,1996.0,10.0,2,C0G650
58,,0.0,1996.0,10.0,3,C0G650
60,,4.0,1996.0,11.0,1,C0G650
62,,0.0,1996.0,11.0,2,C0G650
64,,0.0,1996.0,11.0,3,C0G650
66,,0.0,1996.0,12.0,1,C0G650
68,,0.0,1996.0,12.0,2,C0G650
70,,5.0,1996.0,12.0,3,C0G650
0,,7.5,1997.0,1.0,1,C0G650
2,,1.5,1997.0,1.0,2,C0G650
4,,12.5,1997.0,1.0,3,C0G650
6,,50.0,1997.0,2.0,1,C0G650
8,,17.5,1997.0,2.0,2,C0G650
10,,0.0,1997.0,2.0,3,C0G650
12,,0.0,1997.0,3.0,1,C0G650
14,,4.5,1997.0,3.0,2,C0G650
16,,166.5,1997.0,3.0,3,C0G650
18,,13.0,1997.0,4.0,1,C0G650
20,,4.5,1997.0,4.0,2,C0G650
22,,0.0,1997.0,4.0,3,C0G650
24,,59.0,1997.0,5.0,1,C0G650
26,,114.5,1997.0,5.0,2,C0G650
28,,21.0,1997.0,5.0,3,C0G650
30,,162.0,1997.0,6.0,1,C0G650
32,,202.0,1997.0,6.0,2,C0G650
34,,60.5,1997.0,6.0,3,C0G650
36,,198.5,1997.0,7.0,1,C0G650
38,,42.5,1997.0,7.0,2,C0G650
40,,0.0,1997.0,7.0,3,C0G650
42,,34.0,1997.0,8.0,1,C0G650
44,,35.0,1997.0,8.0,2,C0G650
46,,47.0,1997.0,8.0,3,C0G650
48,,72.5,1997.0,9.0,1,C0G650
50,,0.0,1997.0,9.0,2,C0G650
52,,7.0,1997.0,9.0,3,C0G650
54,,0.0,1997.0,10.0,1,C0G650
56,,0.0,1997.0,10.0,2,C0G650
58,,4.5,1997.0,10.0,3,C0G650
60,,0.0,1997.0,11.0,1,C0G650
62,,0.0,1997.0,11.0,2,C0G650
64,,0.0,1997.0,11.0,3,C0G650
66,,4.0,1997.0,12.0,1,C0G650
68,,2.0,1997.0,12.0,2,C0G650
70,,0.0,1997.0,12.0,3,C0G650
0,,0.0,1998.0,1.0,1,C0G650
2,,116.5,1998.0,1.0,2,C0G650
4,,4.5,1998.0,1.0,3,C0G650
6,,33.5,1998.0,2.0,1,C0G650
8,,202.0,1998.0,2.0,2,C0G650
10,,99.5,1998.0,2.0,3,C0G650
12,,92.0,1998.0,3.0,1,C0G650
14,,44.5,1998.0,3.0,2,C0G650
16,,0.0,1998.0,3.0,3,C0G650
18,,0.0,1998.0,4.0,1,C0G650
20,,99.5,1998.0,4.0,2,C0G650
22,,66.5,1998.0,4.0,3,C0G650
24,,52.0,1998.0,5.0,1,C0G650
26,,64.0,1998.0,5.0,2,C0G650
28,,44.5,1998.0,5.0,3,C0G650
30,,385.5,1998.0,6.0,1,C0G650
32,,35.0,1998.0,6.0,2,C0G650
34,,19.5,1998.0,6.0,3,C0G650
36,,73.5,1998.0,7.0,1,C0G650
38,,0.5,1998.0,7.0,2,C0G650
40,,12.0,1998.0,7.0,3,C0G650
42,,126.5,1998.0,8.0,1,C0G650
44,,41.5,1998.0,8.0,2,C0G650
46,,36.5,1998.0,8.0,3,C0G650
48,,32.5,1998.0,9.0,1,C0G650
50,,0.0,1998.0,9.0,2,C0G650
52,,6.0,1998.0,9.0,3,C0G650
54,,2.0,1998.0,10.0,1,C0G650
56,,79.5,1998.0,10.0,2,C0G650
58,,38.0,1998.0,10.0,3,C0G650
60,,0.0,1998.0,11.0,1,C0G650
62,,0.0,1998.0,11.0,2,C0G650
64,,1.0,1998.0,11.0,3,C0G650
66,,0.0,1998.0,12.0,1,C0G650
68,,19.5,1998.0,12.0,2,C0G650
70,,22.5,1998.0,12.0,3,C0G650
0,,0.0,1999.0,1.0,1,C0G650
2,,2.0,1999.0,1.0,2,C0G650
4,,9.5,1999.0,1.0,3,C0G650
6,,1.0,1999.0,2.0,1,C0G650
8,,0.5,1999.0,2.0,2,C0G650
10,,0.0,1999.0,2.0,3,C0G650
12,,0.0,1999.0,3.0,1,C0G650
14,,36.0,1999.0,3.0,2,C0G650
16,,15.5,1999.0,3.0,3,C0G650
18,,0.0,1999.0,4.0,1,C0G650
20,,35.5,1999.0,4.0,2,C0G650
22,,6.0,1999.0,4.0,3,C0G650
24,,79.0,1999.0,5.0,1,C0G650
26,,20.0,1999.0,5.0,2,C0G650
28,,160.5,1999.0,5.0,3,C0G650
30,,11.5,1999.0,6.0,1,C0G650
32,,58.5,1999.0,6.0,2,C0G650
34,,38.0,1999.0,6.0,3,C0G650
36,,111.5,1999.0,7.0,1,C0G650
38,,109.0,1999.0,7.0,2,C0G650
40,,210.5,1999.0,7.0,3,C0G650
42,,298.0,1999.0,8.0,1,C0G650
44,,57.5,1999.0,8.0,2,C0G650
46,,20.0,1999.0,8.0,3,C0G650
48,,3.5,1999.0,9.0,1,C0G650
50,,26.0,1999.0,9.0,2,C0G650
52,,0.0,1999.0,9.0,3,C0G650
54,,8.0,1999.0,10.0,1,C0G650
56,,0.0,1999.0,10.0,2,C0G650
58,,0.0,1999.0,10.0,3,C0G650
60,,1.0,1999.0,11.0,1,C0G650
62,,0.0,1999.0,11.0,2,C0G650
64,,1.0,1999.0,11.0,3,C0G650
66,,0.0,1999.0,12.0,1,C0G650
68,,23.5,1999.0,12.0,2,C0G650
70,,0.5,1999.0,12.0,3,C0G650
0,,0.0,2000.0,1.0,1,C0G650
2,,0.0,2000.0,1.0,2,C0G650
4,,17.0,2000.0,1.0,3,C0G650
6,,0.0,2000.0,2.0,1,C0G650
8,,17.5,2000.0,2.0,2,C0G650
10,,129.5,2000.0,2.0,3,C0G650
12,,1.0,2000.0,3.0,1,C0G650
14,,27.0,2000.0,3.0,2,C0G650
16,,0.0,2000.0,3.0,3,C0G650
18,,73.0,2000.0,4.0,1,C0G650
20,,12.0,2000.0,4.0,2,C0G650
22,,135.0,2000.0,4.0,3,C0G650
24,,11.0,2000.0,5.0,1,C0G650
26,,0.0,2000.0,5.0,2,C0G650
28,,0.5,2000.0,5.0,3,C0G650
30,,26.5,2000.0,6.0,1,C0G650
32,,193.5,2000.0,6.0,2,C0G650
34,,22.5,2000.0,6.0,3,C0G650
36,,119.0,2000.0,7.0,1,C0G650
38,,39.5,2000.0,7.0,2,C0G650
40,,62.5,2000.0,7.0,3,C0G650
42,,130.5,2000.0,8.0,1,C0G650
44,,93.0,2000.0,8.0,2,C0G650
46,,130.5,2000.0,8.0,3,C0G650
48,,31.0,2000.0,9.0,1,C0G650
50,,8.5,2000.0,9.0,2,C0G650
52,,0.0,2000.0,9.0,3,C0G650
54,,0.0,2000.0,10.0,1,C0G650
56,,2.0,2000.0,10.0,2,C0G650
58,,49.5,2000.0,10.0,3,C0G650
60,,13.0,2000.0,11.0,1,C0G650
62,,0.0,2000.0,11.0,2,C0G650
64,,1.0,2000.0,11.0,3,C0G650
66,,0.0,2000.0,12.0,1,C0G650
68,,59.5,2000.0,12.0,2,C0G650
70,,0.0,2000.0,12.0,3,C0G650
0,,0.0,2001.0,1.0,1,C0G650
2,,0.0,2001.0,1.0,2,C0G650
4,,58.5,2001.0,1.0,3,C0G650
6,,2.5,2001.0,2.0,1,C0G650
8,,0.0,2001.0,2.0,2,C0G650
10,,0.0,2001.0,2.0,3,C0G650
12,,2.5,2001.0,3.0,1,C0G650
14,,1.5,2001.0,3.0,2,C0G650
16,,42.5,2001.0,3.0,3,C0G650
18,,57.0,2001.0,4.0,1,C0G650
20,,60.0,2001.0,4.0,2,C0G650
22,,17.0,2001.0,4.0,3,C0G650
24,,31.0,2001.0,5.0,1,C0G650
26,,107.5,2001.0,5.0,2,C0G650
28,,84.0,2001.0,5.0,3,C0G650
30,,64.5,2001.0,6.0,1,C0G650
32,,100.5,2001.0,6.0,2,C0G650
34,,40.5,2001.0,6.0,3,C0G650
36,,47.5,2001.0,7.0,1,C0G650
38,,73.0,2001.0,7.0,2,C0G650
40,,244.5,2001.0,7.0,3,C0G650
42,,1.0,2001.0,8.0,1,C0G650
44,,7.5,2001.0,8.0,2,C0G650
46,,37.0,2001.0,8.0,3,C0G650
48,,119.5,2001.0,9.0,1,C0G650
50,,380.5,2001.0,9.0,2,C0G650
52,,64.5,2001.0,9.0,3,C0G650
54,,0.0,2001.0,10.0,1,C0G650
56,,0.0,2001.0,10.0,2,C0G650
58,,1.0,2001.0,10.0,3,C0G650
60,,0.0,2001.0,11.0,1,C0G650
62,,2.5,2001.0,11.0,2,C0G650
64,,0.0,2001.0,11.0,3,C0G650
66,,4.0,2001.0,12.0,1,C0G650
68,,1.5,2001.0,12.0,2,C0G650
70,,0.0,2001.0,12.0,3,C0G650
0,,0.0,2002.0,1.0,1,C0G650
2,,11.0,2002.0,1.0,2,C0G650
4,,16.0,2002.0,1.0,3,C0G650
6,,0.5,2002.0,2.0,1,C0G650
8,,0.0,2002.0,2.0,2,C0G650
10,,0.0,2002.0,2.0,3,C0G650
12,,0.0,2002.0,3.0,1,C0G650
14,,3.0,2002.0,3.0,2,C0G650
16,,9.5,2002.0,3.0,3,C0G650
18,,0.0,2002.0,4.0,1,C0G650
20,,1.0,2002.0,4.0,2,C0G650
22,,0.0,2002.0,4.0,3,C0G650
24,,0.0,2002.0,5.0,1,C0G650
26,,48.5,2002.0,5.0,2,C0G650
28,,144.0,2002.0,5.0,3,C0G650
30,,76.5,2002.0,6.0,1,C0G650
32,,17.5,2002.0,6.0,2,C0G650
34,,0.0,2002.0,6.0,3,C0G650
36,,151.0,2002.0,7.0,1,C0G650
38,,87.5,2002.0,7.0,2,C0G650
40,,123.5,2002.0,7.0,3,C0G650
42,,110.0,2002.0,8.0,1,C0G650
44,,5.5,2002.0,8.0,2,C0G650
46,,22.5,2002.0,8.0,3,C0G650
48,,39.5,2002.0,9.0,1,C0G650
50,,31.5,2002.0,9.0,2,C0G650
52,,15.5,2002.0,9.0,3,C0G650
54,,0.0,2002.0,10.0,1,C0G650
56,,0.0,2002.0,10.0,2,C0G650
58,,0.0,2002.0,10.0,3,C0G650
60,,0.0,2002.0,11.0,1,C0G650
62,,0.5,2002.0,11.0,2,C0G650
64,,10.5,2002.0,11.0,3,C0G650
66,,0.0,2002.0,12.0,1,C0G650
68,,25.0,2002.0,12.0,2,C0G650
70,,26.0,2002.0,12.0,3,C0G650
0,,13.0,2003.0,1.0,1,C0G650
2,,0.0,2003.0,1.0,2,C0G650
4,,7.5,2003.0,1.0,3,C0G650
6,,19.0,2003.0,2.0,1,C0G650
8,,0.0,2003.0,2.0,2,C0G650
10,,0.0,2003.0,2.0,3,C0G650
12,,16.0,2003.0,3.0,1,C0G650
14,,3.0,2003.0,3.0,2,C0G650
16,,5.5,2003.0,3.0,3,C0G650
18,,115.0,2003.0,4.0,1,C0G650
20,,12.0,2003.0,4.0,2,C0G650
22,,0.0,2003.0,4.0,3,C0G650
24,,19.0,2003.0,5.0,1,C0G650
26,,63.0,2003.0,5.0,2,C0G650
28,,0.0,2003.0,5.0,3,C0G650
30,,167.5,2003.0,6.0,1,C0G650
32,,129.0,2003.0,6.0,2,C0G650
34,,6.0,2003.0,6.0,3,C0G650
36,,14.0,2003.0,7.0,1,C0G650
38,,0.0,2003.0,7.0,2,C0G650
40,,46.0,2003.0,7.0,3,C0G650
42,,16.0,2003.0,8.0,1,C0G650
44,,89.5,2003.0,8.0,2,C0G650
46,,15.0,2003.0,8.0,3,C0G650
48,,2.5,2003.0,9.0,1,C0G650
50,,29.5,2003.0,9.0,2,C0G650
52,,20.0,2003.0,9.0,3,C0G650
54,,0.0,2003.0,10.0,1,C0G650
56,,0.0,2003.0,10.0,2,C0G650
58,,0.0,2003.0,10.0,3,C0G650
60,,0.0,2003.0,11.0,1,C0G650
62,,0.0,2003.0,11.0,2,C0G650
64,,0.5,2003.0,11.0,3,C0G650
66,,0.0,2003.0,12.0,1,C0G650
68,,0.0,2003.0,12.0,2,C0G650
70,,0.0,2003.0,12.0,3,C0G650
0,,0.0,2004.0,1.0,1,C0G650
2,,6.5,2004.0,1.0,2,C0G650
4,,1.0,2004.0,1.0,3,C0G650
6,,59.5,2004.0,2.0,1,C0G650
8,,0.0,2004.0,2.0,2,C0G650
10,,0.0,2004.0,2.0,3,C0G650
12,,13.0,2004.0,3.0,1,C0G650
14,,0.0,2004.0,3.0,2,C0G650
16,,41.0,2004.0,3.0,3,C0G650
18,,35.0,2004.0,4.0,1,C0G650
20,,26.0,2004.0,4.0,2,C0G650
22,,42.5,2004.0,4.0,3,C0G650
24,,1.5,2004.0,5.0,1,C0G650
26,,33.0,2004.0,5.0,2,C0G650
28,,63.5,2004.0,5.0,3,C0G650
30,,1.0,2004.0,6.0,1,C0G650
32,,7.0,2004.0,6.0,2,C0G650
34,,8.0,2004.0,6.0,3,C0G650
36,,440.5,2004.0,7.0,1,C0G650
38,,219.5,2004.0,7.0,2,C0G650
40,,106.0,2004.0,7.0,3,C0G650
42,,5.5,2004.0,8.0,1,C0G650
44,,80.5,2004.0,8.0,2,C0G650
46,,269.0,2004.0,8.0,3,C0G650
48,,34.5,2004.0,9.0,1,C0G650
50,,60.0,2004.0,9.0,2,C0G650
52,,0.0,2004.0,9.0,3,C0G650
54,,0.0,2004.0,10.0,1,C0G650
56,,0.0,2004.0,10.0,2,C0G650
58,,6.0,2004.0,10.0,3,C0G650
60,,0.0,2004.0,11.0,1,C0G650
62,,1.5,2004.0,11.0,2,C0G650
64,,0.0,2004.0,11.0,3,C0G650
66,,53.0,2004.0,12.0,1,C0G650
68,,0.0,2004.0,12.0,2,C0G650
70,,1.0,2004.0,12.0,3,C0G650
0,,1.0,2005.0,1.0,1,C0G650
2,,12.5,2005.0,1.0,2,C0G650
4,,3.0,2005.0,1.0,3,C0G650
6,,0.0,2005.0,2.0,1,C0G650
8,,96.5,2005.0,2.0,2,C0G650
10,,47.0,2005.0,2.0,3,C0G650
12,,50.5,2005.0,3.0,1,C0G650
14,,20.5,2005.0,3.0,2,C0G650
16,,76.5,2005.0,3.0,3,C0G650
18,,4.0,2005.0,4.0,1,C0G650
20,,8.5,2005.0,4.0,2,C0G650
22,,51.0,2005.0,4.0,3,C0G650
24,,100.5,2005.0,5.0,1,C0G650
26,,267.0,2005.0,5.0,2,C0G650
28,,15.5,2005.0,5.0,3,C0G650
30,,34.5,2005.0,6.0,1,C0G650
32,,454.5,2005.0,6.0,2,C0G650
34,,45.0,2005.0,6.0,3,C0G650
36,,0.5,2005.0,7.0,1,C0G650
38,,232.5,2005.0,7.0,2,C0G650
40,,44.0,2005.0,7.0,3,C0G650
42,,78.5,2005.0,8.0,1,C0G650
44,,80.5,2005.0,8.0,2,C0G650
46,,71.0,2005.0,8.0,3,C0G650
48,,97.0,2005.0,9.0,1,C0G650
50,,0.0,2005.0,9.0,2,C0G650
52,,6.0,2005.0,9.0,3,C0G650
54,,22.5,2005.0,10.0,1,C0G650
56,,0.0,2005.0,10.0,2,C0G650
58,,0.0,2005.0,10.0,3,C0G650
60,,0.0,2005.0,11.0,1,C0G650
62,,0.0,2005.0,11.0,2,C0G650
64,,2.5,2005.0,11.0,3,C0G650
66,,0.0,2005.0,12.0,1,C0G650
68,,0.5,2005.0,12.0,2,C0G650
70,,9.5,2005.0,12.0,3,C0G650
0,,0.0,2006.0,1.0,1,C0G650
2,,0.0,2006.0,1.0,2,C0G650
4,,11.5,2006.0,1.0,3,C0G650
6,,0.0,2006.0,2.0,1,C0G650
8,,2.5,2006.0,2.0,2,C0G650
10,,10.5,2006.0,2.0,3,C0G650
12,,4.0,2006.0,3.0,1,C0G650
14,,4.5,2006.0,3.0,2,C0G650
16,,68.0,2006.0,3.0,3,C0G650
18,,56.0,2006.0,4.0,1,C0G650
20,,55.5,2006.0,4.0,2,C0G650
22,,36.0,2006.0,4.0,3,C0G650
24,,23.5,2006.0,5.0,1,C0G650
26,,47.5,2006.0,5.0,2,C0G650
28,,166.0,2006.0,5.0,3,C0G650
30,,576.5,2006.0,6.0,1,C0G650
32,,19.0,2006.0,6.0,2,C0G650
34,,26.0,2006.0,6.0,3,C0G650
36,,111.0,2006.0,7.0,1,C0G650
38,,177.0,2006.0,7.0,2,C0G650
40,,11.0,2006.0,7.0,3,C0G650
42,,57.5,2006.0,8.0,1,C0G650
44,,93.0,2006.0,8.0,2,C0G650
46,,1.5,2006.0,8.0,3,C0G650
48,,200.5,2006.0,9.0,1,C0G650
50,,42.5,2006.0,9.0,2,C0G650
52,,0.0,2006.0,9.0,3,C0G650
54,,0.0,2006.0,10.0,1,C0G650
56,,0.0,2006.0,10.0,2,C0G650
58,,0.0,2006.0,10.0,3,C0G650
60,,10.0,2006.0,11.0,1,C0G650
62,,32.5,2006.0,11.0,2,C0G650
64,,56.0,2006.0,11.0,3,C0G650
66,,0.0,2006.0,12.0,1,C0G650
68,,44.0,2006.0,12.0,2,C0G650
70,,0.0,2006.0,12.0,3,C0G650
0,,5.0,2007.0,1.0,1,C0G650
2,,40.0,2007.0,1.0,2,C0G650
4,,3.5,2007.0,1.0,3,C0G650
6,,0.0,2007.0,2.0,1,C0G650
8,,0.0,2007.0,2.0,2,C0G650
10,,24.5,2007.0,2.0,3,C0G650
12,,22.0,2007.0,3.0,1,C0G650
14,,9.0,2007.0,3.0,2,C0G650
16,,45.0,2007.0,3.0,3,C0G650
18,,54.5,2007.0,4.0,1,C0G650
20,,38.5,2007.0,4.0,2,C0G650
22,,13.5,2007.0,4.0,3,C0G650
24,,26.5,2007.0,5.0,1,C0G650
26,,40.5,2007.0,5.0,2,C0G650
28,,67.5,2007.0,5.0,3,C0G650
30,,306.0,2007.0,6.0,1,C0G650
32,,19.0,2007.0,6.0,2,C0G650
34,,80.0,2007.0,6.0,3,C0G650
36,,5.0,2007.0,7.0,1,C0G650
38,,7.0,2007.0,7.0,2,C0G650
40,,49.5,2007.0,7.0,3,C0G650
42,,49.5,2007.0,8.0,1,C0G650
44,,449.5,2007.0,8.0,2,C0G650
46,,58.0,2007.0,8.0,3,C0G650
48,,127.0,2007.0,9.0,1,C0G650
50,,148.5,2007.0,9.0,2,C0G650
52,,34.0,2007.0,9.0,3,C0G650
54,,222.0,2007.0,10.0,1,C0G650
56,,0.0,2007.0,10.0,2,C0G650
58,,0.0,2007.0,10.0,3,C0G650
60,,3.0,2007.0,11.0,1,C0G650
62,,0.0,2007.0,11.0,2,C0G650
64,,14.5,2007.0,11.0,3,C0G650
66,,0.0,2007.0,12.0,1,C0G650
68,,0.0,2007.0,12.0,2,C0G650
70,,3.5,2007.0,12.0,3,C0G650
0,,0.0,2008.0,1.0,1,C0G650
2,,1.5,2008.0,1.0,2,C0G650
4,,14.5,2008.0,1.0,3,C0G650
6,,16.0,2008.0,2.0,1,C0G650
8,,0.0,2008.0,2.0,2,C0G650
10,,6.0,2008.0,2.0,3,C0G650
12,,2.5,2008.0,3.0,1,C0G650
14,,1.0,2008.0,3.0,2,C0G650
16,,26.0,2008.0,3.0,3,C0G650
18,,9.0,2008.0,4.0,1,C0G650
20,,3.0,2008.0,4.0,2,C0G650
22,,18.5,2008.0,4.0,3,C0G650
24,,28.5,2008.0,5.0,1,C0G650
26,,8.0,2008.0,5.0,2,C0G650
28,,98.0,2008.0,5.0,3,C0G650
30,,131.0,2008.0,6.0,1,C0G650
32,,73.5,2008.0,6.0,2,C0G650
34,,8.0,2008.0,6.0,3,C0G650
36,,71.0,2008.0,7.0,1,C0G650
38,,372.0,2008.0,7.0,2,C0G650
40,,140.0,2008.0,7.0,3,C0G650
42,,79.0,2008.0,8.0,1,C0G650
44,,16.0,2008.0,8.0,2,C0G650
46,,3.5,2008.0,8.0,3,C0G650
48,,28.0,2008.0,9.0,1,C0G650
50,,336.0,2008.0,9.0,2,C0G650
52,,251.5,2008.0,9.0,3,C0G650
54,,58.5,2008.0,10.0,1,C0G650
56,,0.0,2008.0,10.0,2,C0G650
58,,0.0,2008.0,10.0,3,C0G650
60,,17.5,2008.0,11.0,1,C0G650
62,,0.5,2008.0,11.0,2,C0G650
64,,0.0,2008.0,11.0,3,C0G650
66,,0.0,2008.0,12.0,1,C0G650
68,,0.0,2008.0,12.0,2,C0G650
70,,11.0,2008.0,12.0,3,C0G650
0,,0.0,2009.0,1.0,1,C0G650
2,,0.0,2009.0,1.0,2,C0G650
4,,0.0,2009.0,1.0,3,C0G650
6,,0.0,2009.0,2.0,1,C0G650
8,,1.5,2009.0,2.0,2,C0G650
10,,0.0,2009.0,2.0,3,C0G650
12,,92.5,2009.0,3.0,1,C0G650
14,,1.0,2009.0,3.0,2,C0G650
16,,13.0,2009.0,3.0,3,C0G650
18,,5.0,2009.0,4.0,1,C0G650
20,,112.0,2009.0,4.0,2,C0G650
22,,46.5,2009.0,4.0,3,C0G650
24,,0.5,2009.0,5.0,1,C0G650
26,,0.0,2009.0,5.0,2,C0G650
28,,12.0,2009.0,5.0,3,C0G650
30,,84.0,2009.0,6.0,1,C0G650
32,,85.5,2009.0,6.0,2,C0G650
34,,121.5,2009.0,6.0,3,C0G650
36,,4.5,2009.0,7.0,1,C0G650
38,,50.5,2009.0,7.0,2,C0G650
40,,8.0,2009.0,7.0,3,C0G650
42,,503.5,2009.0,8.0,1,C0G650
44,,10.5,2009.0,8.0,2,C0G650
46,,1.0,2009.0,8.0,3,C0G650
48,,1.5,2009.0,9.0,1,C0G650
50,,8.5,2009.0,9.0,2,C0G650
52,,35.5,2009.0,9.0,3,C0G650
54,,13.0,2009.0,10.0,1,C0G650
56,,0.0,2009.0,10.0,2,C0G650
58,,0.0,2009.0,10.0,3,C0G650
60,,10.0,2009.0,11.0,1,C0G650
62,,2.5,2009.0,11.0,2,C0G650
64,,0.0,2009.0,11.0,3,C0G650
66,,0.0,2009.0,12.0,1,C0G650
68,,3.0,2009.0,12.0,2,C0G650
70,,22.0,2009.0,12.0,3,C0G650
0,,26.5,2010.0,1.0,1,C0G650
2,,0.5,2010.0,1.0,2,C0G650
4,,4.0,2010.0,1.0,3,C0G650
6,,7.5,2010.0,2.0,1,C0G650
8,,78.5,2010.0,2.0,2,C0G650
10,,0.5,2010.0,2.0,3,C0G650
12,,7.0,2010.0,3.0,1,C0G650
14,,3.0,2010.0,3.0,2,C0G650
16,,54.5,2010.0,3.0,3,C0G650
18,,57.5,2010.0,4.0,1,C0G650
20,,9.0,2010.0,4.0,2,C0G650
22,,39.0,2010.0,4.0,3,C0G650
24,,4.0,2010.0,5.0,1,C0G650
26,,0.0,2010.0,5.0,2,C0G650
28,,108.0,2010.0,5.0,3,C0G650
30,,13.5,2010.0,6.0,1,C0G650
32,,233.0,2010.0,6.0,2,C0G650
34,,180.0,2010.0,6.0,3,C0G650
36,,0.0,2010.0,7.0,1,C0G650
38,,18.0,2010.0,7.0,2,C0G650
40,,235.0,2010.0,7.0,3,C0G650
42,,36.5,2010.0,8.0,1,C0G650
44,,26.0,2010.0,8.0,2,C0G650
46,,71.5,2010.0,8.0,3,C0G650
48,,53.0,2010.0,9.0,1,C0G650
50,,117.0,2010.0,9.0,2,C0G650
52,,46.0,2010.0,9.0,3,C0G650
54,,1.0,2010.0,10.0,1,C0G650
56,,0.0,2010.0,10.0,2,C0G650
58,,1.0,2010.0,10.0,3,C0G650
60,,6.5,2010.0,11.0,1,C0G650
62,,17.0,2010.0,11.0,2,C0G650
64,,0.0,2010.0,11.0,3,C0G650
66,,0.0,2010.0,12.0,1,C0G650
68,,23.0,2010.0,12.0,2,C0G650
70,,0.0,2010.0,12.0,3,C0G650
0,,1.0,2011.0,1.0,1,C0G650
2,,17.5,2011.0,1.0,2,C0G650
4,,7.0,2011.0,1.0,3,C0G650
6,,0.0,2011.0,2.0,1,C0G650
8,,18.0,2011.0,2.0,2,C0G650
10,,0.0,2011.0,2.0,3,C0G650
12,,4.5,2011.0,3.0,1,C0G650
0,,1.0,2014.0,1.0,1,C0G650
2,,0.0,2014.0,1.0,2,C0G650
4,,0.0,2014.0,1.0,3,C0G650
6,,18.5,2014.0,2.0,1,C0G650
8,,8.5,2014.0,2.0,2,C0G650
10,,0.0,2014.0,2.0,3,C0G650
12,,2.5,2014.0,3.0,1,C0G650
14,,20.0,2014.0,3.0,2,C0G650
16,,14.5,2014.0,3.0,3,C0G650
18,,11.0,2014.0,4.0,1,C0G650
20,,1.5,2014.0,4.0,2,C0G650
22,,4.0,2014.0,4.0,3,C0G650
24,,59.0,2014.0,5.0,1,C0G650
26,,330.5,2014.0,5.0,2,C0G650
28,,58.0,2014.0,5.0,3,C0G650
30,,106.5,2014.0,6.0,1,C0G650
32,,16.0,2014.0,6.0,2,C0G650
34,,13.0,2014.0,6.0,3,C0G650
36,,0.0,2014.0,7.0,1,C0G650
38,,5.5,2014.0,7.0,2,C0G650
40,,90.5,2014.0,7.0,3,C0G650
42,,39.5,2014.0,8.0,1,C0G650
44,,37.0,2014.0,8.0,2,C0G650
46,,0.5,2014.0,8.0,3,C0G650
48,,1.0,2014.0,9.0,1,C0G650
50,,61.0,2014.0,9.0,2,C0G650
52,,24.0,2014.0,9.0,3,C0G650
54,,0.0,2014.0,10.0,1,C0G650
56,,0.0,2014.0,10.0,2,C0G650
58,,0.0,2014.0,10.0,3,C0G650
60,,0.0,2014.0,11.0,1,C0G650
62,,2.0,2014.0,11.0,2,C0G650
64,,0.0,2014.0,11.0,3,C0G650
66,,14.5,2014.0,12.0,1,C0G650
68,,1.0,2014.0,12.0,2,C0G650
70,,4.5,2014.0,12.0,3,C0G650
0,,0.0,2015.0,1.0,1,C0G650
2,,9.0,2015.0,1.0,2,C0G650
4,,3.0,2015.0,1.0,3,C0G650
6,,0.0,2015.0,2.0,1,C0G650
8,,8.5,2015.0,2.0,2,C0G650
10,,2.0,2015.0,2.0,3,C0G650
12,,0.0,2015.0,3.0,1,C0G650
14,,2.5,2015.0,3.0,2,C0G650
16,,1.5,2015.0,3.0,3,C0G650
18,,0.0,2015.0,4.0,1,C0G650
20,,15.0,2015.0,4.0,2,C0G650
22,,22.5,2015.0,4.0,3,C0G650
24,,5.5,2015.0,5.0,1,C0G650
26,,114.0,2015.0,5.0,2,C0G650
28,,344.0,2015.0,5.0,3,C0G650
30,,25.5,2015.0,6.0,1,C0G650
31,,3.0,2015.0,6.0,2,C0G650
32,,33.5,2015.0,6.0,3,C0G650
33,,10.0,2015.0,7.0,1,C0G650
34,,15.0,2015.0,7.0,2,C0G650
35,,10.5,2015.0,7.0,3,C0G650
36,,104.5,2015.0,8.0,1,C0G650
37,,123.0,2015.0,8.0,2,C0G650
38,,167.5,2015.0,8.0,3,C0G650
39,,64.0,2015.0,9.0,1,C0G650
40,,0.0,2015.0,9.0,2,C0G650
41,,86.0,2015.0,9.0,3,C0G650
42,,25.0,2015.0,10.0,1,C0G650
43,,0.0,2015.0,10.0,2,C0G650
44,,10.5,2015.0,10.0,3,C0G650
45,,0.0,2015.0,11.0,1,C0G650
46,,0.0,2015.0,11.0,2,C0G650
47,,0.5,2015.0,11.0,3,C0G650
48,,26.5,2015.0,12.0,1,C0G650
49,,2.0,2015.0,12.0,2,C0G650
50,,0.5,2015.0,12.0,3,C0G650
0,,49.0,2016.0,1.0,1,C0G650
1,,49.5,2016.0,1.0,2,C0G650
2,,89.5,2016.0,1.0,3,C0G650
3,,8.0,2016.0,2.0,1,C0G650
4,,11.0,2016.0,2.0,2,C0G650
5,,3.0,2016.0,2.0,3,C0G650
6,,71.0,2016.0,3.0,1,C0G650
7,,54.5,2016.0,3.0,2,C0G650
8,,39.5,2016.0,3.0,3,C0G650
9,,12.5,2016.0,4.0,1,C0G650
10,,86.0,2016.0,4.0,2,C0G650
11,,43.5,2016.0,4.0,3,C0G650
12,,29.0,2016.0,5.0,1,C0G650
13,,5.5,2016.0,5.0,2,C0G650
14,,13.0,2016.0,5.0,3,C0G650
15,,45.0,2016.0,6.0,1,C0G650
16,,166.0,2016.0,6.0,2,C0G650
17,,7.5,2016.0,6.0,3,C0G650
18,,41.0,2016.0,7.0,1,C0G650
19,,32.5,2016.0,7.0,2,C0G650
20,,3.0,2016.0,7.0,3,C0G650
21,,21.0,2016.0,8.0,1,C0G650
22,,162.5,2016.0,8.0,2,C0G650
23,,2.5,2016.0,8.0,3,C0G650
24,,21.5,2016.0,9.0,1,C0G650
25,,109.5,2016.0,9.0,2,C0G650
26,,131.5,2016.0,9.0,3,C0G650
27,,23.0,2016.0,10.0,1,C0G650
28,,0.0,2016.0,10.0,2,C0G650
29,,17.5,2016.0,10.0,3,C0G650
30,,0.5,2016.0,11.0,1,C0G650
31,,0.5,2016.0,11.0,2,C0G650
32,,47.5,2016.0,11.0,3,C0G650
33,,0.0,2016.0,12.0,1,C0G650
34,,0.0,2016.0,12.0,2,C0G650
35,,12.0,2016.0,12.0,3,C0G650
0,,0.0,2017.0,1.0,1,C0G650
1,,5.0,2017.0,1.0,2,C0G650
2,,0.0,2017.0,1.0,3,C0G650
3,,0.0,2017.0,2.0,1,C0G650
4,,0.5,2017.0,2.0,2,C0G650
5,,7.5,2017.0,2.0,3,C0G650
6,,21.0,2017.0,3.0,1,C0G650
7,,6.5,2017.0,3.0,2,C0G650
8,,15.0,2017.0,3.0,3,C0G650
9,,5.5,2017.0,4.0,1,C0G650
10,,68.0,2017.0,4.0,2,C0G650
11,,50.0,2017.0,4.0,3,C0G650
12,,0.0,2017.0,5.0,1,C0G650
13,,56.5,2017.0,5.0,2,C0G650
14,,53.5,2017.0,5.0,3,C0G650
15,,378.5,2017.0,6.0,1,C0G650
16,,571.0,2017.0,6.0,2,C0G650
17,,45.5,2017.0,6.0,3,C0G650
18,,132.0,2017.0,7.0,1,C0G650
19,,4.0,2017.0,7.0,2,C0G650
20,,217.5,2017.0,7.0,3,C0G650
21,,33.0,2017.0,8.0,1,C0G650
22,,0.0,2017.0,8.0,2,C0G650
23,,38.5,2017.0,8.0,3,C0G650
24,,26.0,2017.0,9.0,1,C0G650
25,,0.0,2017.0,9.0,2,C0G650
26,,0.0,2017.0,9.0,3,C0G650
27,,0.0,2017.0,10.0,1,C0G650
28,,64.0,2017.0,10.0,2,C0G650
29,,0.0,2017.0,10.0,3,C0G650
30,,0.0,2017.0,11.0,1,C0G650
31,,27.5,2017.0,11.0,2,C0G650
32,,0.5,2017.0,11.0,3,C0G650
33,,10.0,2017.0,12.0,1,C0G650
34,,0.0,2017.0,12.0,2,C0G650
35,,0.0,2017.0,12.0,3,C0G650
0,,89.0,2018.0,1.0,1,C0G650
1,,3.5,2018.0,1.0,2,C0G650
2,,13.0,2018.0,1.0,3,C0G650
3,,11.0,2018.0,2.0,1,C0G650
4,,1.0,2018.0,2.0,2,C0G650
5,,20.0,2018.0,2.0,3,C0G650
6,,2.5,2018.0,3.0,1,C0G650
7,,29.0,2018.0,3.0,2,C0G650
8,,0.0,2018.0,3.0,3,C0G650
9,,0.0,2018.0,4.0,1,C0G650
10,,32.0,2018.0,4.0,2,C0G650
11,,0.0,2018.0,4.0,3,C0G650
12,,86.0,2018.0,5.0,1,C0G650
13,,0.0,2018.0,5.0,2,C0G650
14,,0.0,2018.0,5.0,3,C0G650
15,,4.5,2018.0,6.0,1,C0G650
16,,162.5,2018.0,6.0,2,C0G650
17,,28.5,2018.0,6.0,3,C0G650
18,,392.5,2018.0,7.0,1,C0G650
19,,8.0,2018.0,7.0,2,C0G650
20,,49.5,2018.0,7.0,3,C0G650
21,,31.5,2018.0,8.0,1,C0G650
22,,281.5,2018.0,8.0,2,C0G650
23,,217.5,2018.0,8.0,3,C0G650
24,,24.5,2018.0,9.0,1,C0G650
25,,15.0,2018.0,9.0,2,C0G650
26,,0.0,2018.0,9.0,3,C0G650
27,,0.0,2018.0,10.0,1,C0G650
28,,2.0,2018.0,10.0,2,C0G650
29,,0.0,2018.0,10.0,3,C0G650
30,,0.5,2018.0,11.0,1,C0G650
31,,0.5,2018.0,11.0,2,C0G650
32,,16.5,2018.0,11.0,3,C0G650
33,,0.0,2018.0,12.0,1,C0G650
34,,0.0,2018.0,12.0,2,C0G650
35,,0.5,2018.0,12.0,3,C0G650
0,,0.5,2019.0,1.0,1,C0G650
1,,8.5,2019.0,1.0,2,C0G650
2,,0.0,2019.0,1.0,3,C0G650
3,,1.0,2019.0,2.0,1,C0G650
4,,0.0,2019.0,2.0,2,C0G650
5,,7.0,2019.0,2.0,3,C0G650
6,,117.0,2019.0,3.0,1,C0G650
7,,0.5,2019.0,3.0,2,C0G650
8,,16.0,2019.0,3.0,3,C0G650
9,,2.0,2019.0,4.0,1,C0G650
10,,54.5,2019.0,4.0,2,C0G650
11,,26.0,2019.0,4.0,3,C0G650
12,,119.5,2019.0,5.0,1,C0G650
13,,147.0,2019.0,5.0,2,C0G650
14,,24.0,2019.0,5.0,3,C0G650
15,,94.0,2019.0,6.0,1,C0G650
16,,323.0,2019.0,6.0,2,C0G650
17,,49.0,2019.0,6.0,3,C0G650
18,,46.0,2019.0,7.0,1,C0G650
19,,106.0,2019.0,7.0,2,C0G650
20,,34.0,2019.0,7.0,3,C0G650
21,,27.5,2019.0,8.0,1,C0G650
22,,355.5,2019.0,8.0,2,C0G650
23,,12.5,2019.0,8.0,3,C0G650
24,,53.0,2019.0,9.0,1,C0G650
25,,0.0,2019.0,9.0,2,C0G650
26,,0.0,2019.0,9.0,3,C0G650
27,,8.0,2019.0,10.0,1,C0G650
28,,0.0,2019.0,10.0,2,C0G650
29,,0.0,2019.0,10.0,3,C0G650
30,,0.0,2019.0,11.0,1,C0G650
31,,0.0,2019.0,11.0,2,C0G650
32,,0.0,2019.0,11.0,3,C0G650
33,,36.0,2019.0,12.0,1,C0G650
34,,1.5,2019.0,12.0,2,C0G650
35,,64.0,2019.0,12.0,3,C0G650
0,,0.0,2020.0,1.0,1,C0G650
1,,0.0,2020.0,1.0,2,C0G650
2,,18.5,2020.0,1.0,3,C0G650
3,,0.0,2020.0,2.0,1,C0G650
4,,0.5,2020.0,2.0,2,C0G650
5,,0.0,2020.0,2.0,3,C0G650
6,,27.0,2020.0,3.0,1,C0G650
7,,11.5,2020.0,3.0,2,C0G650
8,,11.0,2020.0,3.0,3,C0G650
9,,24.0,2020.0,4.0,1,C0G650
10,,6.5,2020.0,4.0,2,C0G650
11,,7.5,2020.0,4.0,3,C0G650
12,,0.0,2020.0,5.0,1,C0G650
13,,75.0,2020.0,5.0,2,C0G650
14,,210.5,2020.0,5.0,3,C0G650
15,,28.5,2020.0,6.0,1,C0G650
16,,5.5,2020.0,6.0,2,C0G650
17,,3.0,2020.0,6.0,3,C0G650
18,,55.0,2020.0,7.0,1,C0G650
19,,12.0,2020.0,7.0,2,C0G650
20,,13.0,2020.0,7.0,3,C0G650
21,,56.0,2020.0,8.0,1,C0G650
22,,122.5,2020.0,8.0,2,C0G650
23,,32.0,2020.0,8.0,3,C0G650
24,,0.0,2020.0,9.0,1,C0G650
25,,4.5,2020.0,9.0,2,C0G650
26,,0.0,2020.0,9.0,3,C0G650
27,,0.0,2020.0,10.0,1,C0G650
28,,0.0,2020.0,10.0,2,C0G650
29,,0.5,2020.0,10.0,3,C0G650
30,,1.0,2020.0,11.0,1,C0G650
31,,1.5,2020.0,11.0,2,C0G650
32,,0.0,2020.0,11.0,3,C0G650
33,,11.5,2020.0,12.0,1,C0G650
34,,0.5,2020.0,12.0,2,C0G650
35,,13.5,2020.0,12.0,3,C0G650
0,,0.5,2021.0,1.0,1,C0G650
1,,1.5,2021.0,1.0,2,C0G650
2,,0.0,2021.0,1.0,3,C0G650
3,,5.5,2021.0,2.0,1,C0G650
4,,23.5,2021.0,2.0,2,C0G650
5,,0.0,2021.0,2.0,3,C0G650
6,,1.5,2021.0,3.0,1,C0G650
7,,0.0,2021.0,3.0,2,C0G650
8,,11.0,2021.0,3.0,3,C0G650
9,,0.0,2021.0,4.0,1,C0G650
10,,0.0,2021.0,4.0,2,C0G650
11,,22.0,2021.0,4.0,3,C0G650
12,,0.0,2021.0,5.0,1,C0G650
13,,0.0,2021.0,5.0,2,C0G650
14,,198.0,2021.0,5.0,3,C0G650
15,,262.0,2021.0,6.0,1,C0G650
16,,50.5,2021.0,6.0,2,C0G650
17,,466.0,2021.0,6.0,3,C0G650
18,,9.5,2021.0,7.0,1,C0G650
19,,34.0,2021.0,7.0,2,C0G650
20,,85.5,2021.0,7.0,3,C0G650
21,,601.0,2021.0,8.0,1,C0G650
22,,51.5,2021.0,8.0,2,C0G650
23,,5.0,2021.0,8.0,3,C0G650
24,,1.0,2021.0,9.0,1,C0G650
25,,17.0,2021.0,9.0,2,C0G650
26,,0.0,2021.0,9.0,3,C0G650
27,,0.0,2021.0,10.0,1,C0G650
28,,10.0,2021.0,10.0,2,C0G650
29,,0.0,2021.0,10.0,3,C0G650
30,,0.0,2021.0,11.0,1,C0G650
31,,9.5,2021.0,11.0,2,C0G650
32,,0.5,2021.0,11.0,3,C0G650
33,,0.0,2021.0,12.0,1,C0G650
34,,0.0,2021.0,12.0,2,C0G650
35,,20.0,2021.0,12.0,3,C0G650
0,,8.0,2022.0,1.0,1,C0G650
1,,3.0,2022.0,1.0,2,C0G650
2,,19.5,2022.0,1.0,3,C0G650
3,,6.0,2022.0,2.0,1,C0G650
4,,46.5,2022.0,2.0,2,C0G650
5,,50.0,2022.0,2.0,3,C0G650
6,,6.5,2022.0,3.0,1,C0G650
7,,4.0,2022.0,3.0,2,C0G650
8,,82.5,2022.0,3.0,3,C0G650
9,,29.0,2022.0,4.0,1,C0G650
10,,4.5,2022.0,4.0,2,C0G650
11,,8.5,2022.0,4.0,3,C0G650
12,,19.0,2022.0,5.0,1,C0G650
13,,191.0,2022.0,5.0,2,C0G650
14,,157.0,2022.0,5.0,3,C0G650
15,,145.0,2022.0,6.0,1,C0G650
16,,8.5,2022.0,6.0,2,C0G650
17,,200.5,2022.0,6.0,3,C0G650
18,,37.5,2022.0,7.0,1,C0G650
19,,0.0,2022.0,7.0,2,C0G650
20,,0.0,2022.0,7.0,3,C0G650
21,,133.0,2022.0,8.0,1,C0G650
22,,98.0,2022.0,8.0,2,C0G650
23,,46.0,2022.0,8.0,3,C0G650
24,,48.5,2022.0,9.0,1,C0G650
25,,4.5,2022.0,9.0,2,C0G650
26,,0.0,2022.0,9.0,3,C0G650
27,,0.0,2022.0,10.0,1,C0G650
28,,4.5,2022.0,10.0,2,C0G650
29,,2.0,2022.0,10.0,3,C0G650
30,,1.5,2022.0,11.0,1,C0G650
31,,0.0,2022.0,11.0,2,C0G650
32,,0.5,2022.0,11.0,3,C0G650
33,,0.0,2022.0,12.0,1,C0G650
34,,14.0,2022.0,12.0,2,C0G650
35,,0.0,2022.0,12.0,3,C0G650
0,,5.0,2023.0,1.0,1,C0G650
1,,0.0,2023.0,1.0,2,C0G650
2,,0.0,2023.0,1.0,3,C0G650
3,,14.5,2023.0,2.0,1,C0G650
4,,0.0,2023.0,2.0,2,C0G650
5,,0.0,2023.0,2.0,3,C0G650
6,,0.0,2023.0,3.0,1,C0G650
7,,0.0,2023.0,3.0,2,C0G650
8,,15.0,2023.0,3.0,3,C0G650
7,,0.0,1993.0,3.0,1,C1X090
9,,43.5,1993.0,3.0,2,C1X090
11,,0.0,1993.0,3.0,3,C1X090
13,,17.5,1993.0,4.0,1,C1X090
15,,1.0,1993.0,4.0,2,C1X090
17,,41.0,1993.0,4.0,3,C1X090
19,,21.5,1993.0,5.0,1,C1X090
21,,0.0,1993.0,5.0,2,C1X090
23,,238.0,1993.0,5.0,3,C1X090
25,,289.5,1993.0,6.0,1,C1X090
27,,161.0,1993.0,6.0,2,C1X090
29,,17.0,1993.0,6.0,3,C1X090
31,,0.0,1993.0,7.0,1,C1X090
33,,39.5,1993.0,7.0,2,C1X090
35,,95.0,1993.0,7.0,3,C1X090
37,,19.5,1993.0,8.0,1,C1X090
39,,67.0,1993.0,8.0,2,C1X090
41,,6.5,1993.0,8.0,3,C1X090
43,,0.0,1993.0,9.0,1,C1X090
45,,2.5,1993.0,9.0,2,C1X090
47,,73.0,1993.0,9.0,3,C1X090
49,,0.0,1993.0,10.0,1,C1X090
51,,0.0,1993.0,10.0,2,C1X090
53,,0.0,1993.0,10.0,3,C1X090
55,,0.0,1993.0,11.0,1,C1X090
57,,24.0,1993.0,11.0,2,C1X090
59,,7.5,1993.0,11.0,3,C1X090
61,,0.0,1993.0,12.0,1,C1X090
63,,4.5,1993.0,12.0,2,C1X090
65,,0.0,1993.0,12.0,3,C1X090
1,,2.5,1994.0,1.0,1,C1X090
3,,5.5,1994.0,1.0,2,C1X090
5,,8.5,1994.0,1.0,3,C1X090
7,,0.0,1994.0,2.0,1,C1X090
9,,82.5,1994.0,2.0,2,C1X090
11,,1.5,1994.0,2.0,3,C1X090
13,,3.5,1994.0,3.0,1,C1X090
15,,22.0,1994.0,3.0,2,C1X090
17,,0.0,1994.0,3.0,3,C1X090
19,,0.0,1994.0,4.0,1,C1X090
21,,0.5,1994.0,4.0,2,C1X090
23,,13.0,1994.0,4.0,3,C1X090
25,,40.5,1994.0,5.0,1,C1X090
27,,8.0,1994.0,5.0,2,C1X090
29,,121.5,1994.0,5.0,3,C1X090
31,,40.0,1994.0,6.0,1,C1X090
33,,41.5,1994.0,6.0,2,C1X090
35,,2.0,1994.0,6.0,3,C1X090
37,,34.0,1994.0,7.0,1,C1X090
39,,136.0,1994.0,7.0,2,C1X090
41,,6.5,1994.0,7.0,3,C1X090
43,,478.0,1994.0,8.0,1,C1X090
45,,401.0,1994.0,8.0,2,C1X090
47,,16.5,1994.0,8.0,3,C1X090
49,,22.0,1994.0,9.0,1,C1X090
51,,1.5,1994.0,9.0,2,C1X090
53,,0.0,1994.0,9.0,3,C1X090
55,,3.0,1994.0,10.0,1,C1X090
57,,0.0,1994.0,10.0,2,C1X090
59,,0.0,1994.0,10.0,3,C1X090
61,,0.0,1994.0,11.0,1,C1X090
63,,0.0,1994.0,11.0,2,C1X090
65,,1.0,1994.0,11.0,3,C1X090
67,,0.0,1994.0,12.0,1,C1X090
69,,0.0,1994.0,12.0,2,C1X090
71,,6.5,1994.0,12.0,3,C1X090
1,,0.5,1995.0,1.0,1,C1X090
3,,0.0,1995.0,1.0,2,C1X090
5,,5.0,1995.0,1.0,3,C1X090
7,,0.0,1995.0,2.0,1,C1X090
9,,23.0,1995.0,2.0,2,C1X090
11,,1.5,1995.0,2.0,3,C1X090
13,,16.5,1995.0,3.0,1,C1X090
15,,0.0,1995.0,3.0,2,C1X090
17,,3.5,1995.0,3.0,3,C1X090
19,,40.0,1995.0,4.0,1,C1X090
21,,0.0,1995.0,4.0,2,C1X090
23,,0.0,1995.0,4.0,3,C1X090
25,,22.5,1995.0,5.0,1,C1X090
27,,53.5,1995.0,5.0,2,C1X090
29,,3.0,1995.0,5.0,3,C1X090
31,,171.5,1995.0,6.0,1,C1X090
33,,100.0,1995.0,6.0,2,C1X090
35,,13.5,1995.0,6.0,3,C1X090
37,,146.5,1995.0,7.0,1,C1X090
39,,27.0,1995.0,7.0,2,C1X090
41,,149.0,1995.0,7.0,3,C1X090
43,,10.5,1995.0,8.0,1,C1X090
45,,0.0,1995.0,8.0,2,C1X090
47,,23.0,1995.0,8.0,3,C1X090
49,,0.0,1995.0,9.0,1,C1X090
51,,38.0,1995.0,9.0,2,C1X090
53,,49.0,1995.0,9.0,3,C1X090
55,,0.5,1995.0,10.0,1,C1X090
57,,0.0,1995.0,10.0,2,C1X090
59,,0.0,1995.0,10.0,3,C1X090
61,,0.0,1995.0,11.0,1,C1X090
63,,0.0,1995.0,11.0,2,C1X090
65,,0.0,1995.0,11.0,3,C1X090
67,,0.0,1995.0,12.0,1,C1X090
69,,0.0,1995.0,12.0,2,C1X090
71,,0.0,1995.0,12.0,3,C1X090
1,,1.0,1996.0,1.0,1,C1X090
3,,14.0,1996.0,1.0,2,C1X090
5,,0.0,1996.0,1.0,3,C1X090
7,,0.0,1996.0,2.0,1,C1X090
9,,0.0,1996.0,2.0,2,C1X090
11,,16.5,1996.0,2.0,3,C1X090
13,,0.0,1996.0,3.0,1,C1X090
15,,0.5,1996.0,3.0,2,C1X090
17,,2.5,1996.0,3.0,3,C1X090
19,,26.5,1996.0,4.0,1,C1X090
21,,28.0,1996.0,4.0,2,C1X090
23,,2.5,1996.0,4.0,3,C1X090
25,,64.5,1996.0,5.0,1,C1X090
27,,2.5,1996.0,5.0,2,C1X090
29,,195.0,1996.0,5.0,3,C1X090
31,,1.5,1996.0,6.0,1,C1X090
33,,20.0,1996.0,6.0,2,C1X090
35,,104.5,1996.0,6.0,3,C1X090
37,,0.0,1996.0,7.0,1,C1X090
39,,34.0,1996.0,7.0,2,C1X090
41,,287.5,1996.0,7.0,3,C1X090
43,,296.0,1996.0,8.0,1,C1X090
45,,34.0,1996.0,8.0,2,C1X090
47,,47.0,1996.0,8.0,3,C1X090
49,,1.0,1996.0,9.0,1,C1X090
51,,4.5,1996.0,9.0,2,C1X090
53,,0.0,1996.0,9.0,3,C1X090
55,,3.5,1996.0,10.0,1,C1X090
57,,16.5,1996.0,10.0,2,C1X090
59,,0.5,1996.0,10.0,3,C1X090
61,,29.5,1996.0,11.0,1,C1X090
63,,0.0,1996.0,11.0,2,C1X090
65,,0.0,1996.0,11.0,3,C1X090
67,,0.0,1996.0,12.0,1,C1X090
69,,0.0,1996.0,12.0,2,C1X090
71,,5.0,1996.0,12.0,3,C1X090
1,,7.0,1997.0,1.0,1,C1X090
3,,2.0,1997.0,1.0,2,C1X090
5,,35.0,1997.0,1.0,3,C1X090
7,,74.5,1997.0,2.0,1,C1X090
9,,0.5,1997.0,2.0,2,C1X090
11,,0.0,1997.0,2.0,3,C1X090
13,,0.0,1997.0,3.0,1,C1X090
15,,0.5,1997.0,3.0,2,C1X090
17,,136.0,1997.0,3.0,3,C1X090
19,,1.5,1997.0,4.0,1,C1X090
21,,15.5,1997.0,4.0,2,C1X090
23,,0.0,1997.0,4.0,3,C1X090
25,,3.0,1997.0,5.0,1,C1X090
27,,31.5,1997.0,5.0,2,C1X090
29,,35.5,1997.0,5.0,3,C1X090
31,,153.0,1997.0,6.0,1,C1X090
33,,209.0,1997.0,6.0,2,C1X090
35,,63.0,1997.0,6.0,3,C1X090
37,,275.0,1997.0,7.0,1,C1X090
39,,17.0,1997.0,7.0,2,C1X090
41,,0.0,1997.0,7.0,3,C1X090
43,,191.0,1997.0,8.0,1,C1X090
45,,164.5,1997.0,8.0,2,C1X090
47,,183.5,1997.0,8.0,3,C1X090
49,,234.0,1997.0,9.0,1,C1X090
51,,0.0,1997.0,9.0,2,C1X090
53,,1.0,1997.0,9.0,3,C1X090
55,,0.0,1997.0,10.0,1,C1X090
57,,0.0,1997.0,10.0,2,C1X090
59,,0.0,1997.0,10.0,3,C1X090
61,,0.0,1997.0,11.0,1,C1X090
63,,0.0,1997.0,11.0,2,C1X090
65,,0.0,1997.0,11.0,3,C1X090
67,,12.0,1997.0,12.0,1,C1X090
69,,0.0,1997.0,12.0,2,C1X090
71,,0.0,1997.0,12.0,3,C1X090
1,,0.0,1998.0,1.0,1,C1X090
3,,71.0,1998.0,1.0,2,C1X090
5,,0.5,1998.0,1.0,3,C1X090
7,,11.5,1998.0,2.0,1,C1X090
9,,64.0,1998.0,2.0,2,C1X090
11,,67.5,1998.0,2.0,3,C1X090
13,,79.5,1998.0,3.0,1,C1X090
15,,4.5,1998.0,3.0,2,C1X090
17,,0.0,1998.0,3.0,3,C1X090
19,,0.0,1998.0,4.0,1,C1X090
21,,66.0,1998.0,4.0,2,C1X090
23,,74.0,1998.0,4.0,3,C1X090
25,,22.0,1998.0,5.0,1,C1X090
27,,17.0,1998.0,5.0,2,C1X090
29,,34.5,1998.0,5.0,3,C1X090
31,,743.5,1998.0,6.0,1,C1X090
33,,67.5,1998.0,6.0,2,C1X090
35,,16.5,1998.0,6.0,3,C1X090
37,,186.0,1998.0,7.0,1,C1X090
39,,6.0,1998.0,7.0,2,C1X090
41,,24.0,1998.0,7.0,3,C1X090
43,,152.0,1998.0,8.0,1,C1X090
45,,14.0,1998.0,8.0,2,C1X090
47,,78.5,1998.0,8.0,3,C1X090
49,,97.0,1998.0,9.0,1,C1X090
51,,8.0,1998.0,9.0,2,C1X090
53,,2.0,1998.0,9.0,3,C1X090
55,,0.0,1998.0,10.0,1,C1X090
57,,54.5,1998.0,10.0,2,C1X090
59,,70.5,1998.0,10.0,3,C1X090
61,,0.0,1998.0,11.0,1,C1X090
63,,0.0,1998.0,11.0,2,C1X090
65,,0.0,1998.0,11.0,3,C1X090
67,,0.0,1998.0,12.0,1,C1X090
69,,12.5,1998.0,12.0,2,C1X090
71,,20.5,1998.0,12.0,3,C1X090
1,,0.0,1999.0,1.0,1,C1X090
3,,2.5,1999.0,1.0,2,C1X090
5,,0.5,1999.0,1.0,3,C1X090
7,,1.0,1999.0,2.0,1,C1X090
9,,0.0,1999.0,2.0,2,C1X090
11,,0.0,1999.0,2.0,3,C1X090
13,,0.0,1999.0,3.0,1,C1X090
15,,6.5,1999.0,3.0,2,C1X090
17,,1.0,1999.0,3.0,3,C1X090
19,,0.0,1999.0,4.0,1,C1X090
21,,42.5,1999.0,4.0,2,C1X090
23,,29.0,1999.0,4.0,3,C1X090
25,,80.5,1999.0,5.0,1,C1X090
27,,2.0,1999.0,5.0,2,C1X090
29,,45.0,1999.0,5.0,3,C1X090
31,,21.5,1999.0,6.0,1,C1X090
33,,32.5,1999.0,6.0,2,C1X090
35,,57.5,1999.0,6.0,3,C1X090
37,,286.0,1999.0,7.0,1,C1X090
39,,145.0,1999.0,7.0,2,C1X090
41,,13.5,1999.0,7.0,3,C1X090
43,,44.0,1999.0,8.0,1,C1X090
45,,36.0,1999.0,8.0,2,C1X090
47,,32.5,1999.0,8.0,3,C1X090
49,,11.0,1999.0,9.0,1,C1X090
51,,12.0,1999.0,9.0,2,C1X090
53,,6.0,1999.0,9.0,3,C1X090
55,,40.5,1999.0,10.0,1,C1X090
57,,0.5,1999.0,10.0,2,C1X090
59,,0.0,1999.0,10.0,3,C1X090
61,,0.0,1999.0,11.0,1,C1X090
63,,0.0,1999.0,11.0,2,C1X090
65,,9.5,1999.0,11.0,3,C1X090
67,,0.0,1999.0,12.0,1,C1X090
69,,19.0,1999.0,12.0,2,C1X090
71,,0.5,1999.0,12.0,3,C1X090
1,,0.0,2000.0,1.0,1,C1X090
3,,0.0,2000.0,1.0,2,C1X090
5,,1.5,2000.0,1.0,3,C1X090
7,,0.0,2000.0,2.0,1,C1X090
9,,8.5,2000.0,2.0,2,C1X090
11,,10.5,2000.0,2.0,3,C1X090
13,,1.0,2000.0,3.0,1,C1X090
15,,10.0,2000.0,3.0,2,C1X090
17,,0.0,2000.0,3.0,3,C1X090
19,,78.0,2000.0,4.0,1,C1X090
21,,3.0,2000.0,4.0,2,C1X090
23,,44.0,2000.0,4.0,3,C1X090
25,,2.0,2000.0,5.0,1,C1X090
27,,2.5,2000.0,5.0,2,C1X090
29,,14.5,2000.0,5.0,3,C1X090
31,,18.5,2000.0,6.0,1,C1X090
33,,161.0,2000.0,6.0,2,C1X090
35,,0.0,2000.0,6.0,3,C1X090
37,,92.0,2000.0,7.0,1,C1X090
39,,125.5,2000.0,7.0,2,C1X090
41,,276.0,2000.0,7.0,3,C1X090
43,,168.5,2000.0,8.0,1,C1X090
45,,127.0,2000.0,8.0,2,C1X090
47,,157.0,2000.0,8.0,3,C1X090
49,,34.5,2000.0,9.0,1,C1X090
51,,7.5,2000.0,9.0,2,C1X090
53,,0.0,2000.0,9.0,3,C1X090
55,,0.0,2000.0,10.0,1,C1X090
57,,0.0,2000.0,10.0,2,C1X090
59,,72.0,2000.0,10.0,3,C1X090
61,,8.0,2000.0,11.0,1,C1X090
63,,1.5,2000.0,11.0,2,C1X090
65,,0.0,2000.0,11.0,3,C1X090
67,,0.0,2000.0,12.0,1,C1X090
69,,13.5,2000.0,12.0,2,C1X090
71,,0.0,2000.0,12.0,3,C1X090
1,,1.0,2001.0,1.0,1,C1X090
3,,0.0,2001.0,1.0,2,C1X090
5,,21.5,2001.0,1.0,3,C1X090
7,,0.0,2001.0,2.0,1,C1X090
9,,0.0,2001.0,2.0,2,C1X090
11,,0.0,2001.0,2.0,3,C1X090
13,,0.0,2001.0,3.0,1,C1X090
15,,0.0,2001.0,3.0,2,C1X090
17,,34.5,2001.0,3.0,3,C1X090
19,,31.0,2001.0,4.0,1,C1X090
21,,7.0,2001.0,4.0,2,C1X090
23,,1.5,2001.0,4.0,3,C1X090
25,,69.5,2001.0,5.0,1,C1X090
27,,128.0,2001.0,5.0,2,C1X090
29,,233.0,2001.0,5.0,3,C1X090
31,,28.5,2001.0,6.0,1,C1X090
33,,261.0,2001.0,6.0,2,C1X090
35,,127.5,2001.0,6.0,3,C1X090
37,,1.5,2001.0,7.0,1,C1X090
39,,73.5,2001.0,7.0,2,C1X090
41,,53.0,2001.0,7.0,3,C1X090
43,,32.5,2001.0,8.0,1,C1X090
45,,18.0,2001.0,8.0,2,C1X090
47,,59.5,2001.0,8.0,3,C1X090
49,,73.5,2001.0,9.0,1,C1X090
51,,166.5,2001.0,9.0,2,C1X090
53,,38.0,2001.0,9.0,3,C1X090
55,,0.0,2001.0,10.0,1,C1X090
57,,0.0,2001.0,10.0,2,C1X090
59,,0.0,2001.0,10.0,3,C1X090
61,,0.0,2001.0,11.0,1,C1X090
63,,1.5,2001.0,11.0,2,C1X090
65,,0.0,2001.0,11.0,3,C1X090
67,,6.5,2001.0,12.0,1,C1X090
69,,0.0,2001.0,12.0,2,C1X090
71,,0.0,2001.0,12.0,3,C1X090
1,,0.0,2002.0,1.0,1,C1X090
3,,0.0,2002.0,1.0,2,C1X090
5,,23.0,2002.0,1.0,3,C1X090
7,,0.0,2002.0,2.0,1,C1X090
9,,0.0,2002.0,2.0,2,C1X090
11,,0.0,2002.0,2.0,3,C1X090
13,,0.0,2002.0,3.0,1,C1X090
15,,0.0,2002.0,3.0,2,C1X090
17,,2.0,2002.0,3.0,3,C1X090
19,,0.0,2002.0,4.0,1,C1X090
21,,0.0,2002.0,4.0,2,C1X090
23,,0.0,2002.0,4.0,3,C1X090
25,,0.5,2002.0,5.0,1,C1X090
27,,36.5,2002.0,5.0,2,C1X090
29,,124.0,2002.0,5.0,3,C1X090
31,,114.0,2002.0,6.0,1,C1X090
33,,22.5,2002.0,6.0,2,C1X090
35,,6.5,2002.0,6.0,3,C1X090
37,,84.5,2002.0,7.0,1,C1X090
39,,152.5,2002.0,7.0,2,C1X090
41,,69.0,2002.0,7.0,3,C1X090
43,,245.5,2002.0,8.0,1,C1X090
45,,31.0,2002.0,8.0,2,C1X090
47,,28.5,2002.0,8.0,3,C1X090
49,,8.5,2002.0,9.0,1,C1X090
51,,40.0,2002.0,9.0,2,C1X090
53,,1.5,2002.0,9.0,3,C1X090
55,,0.0,2002.0,10.0,1,C1X090
57,,0.0,2002.0,10.0,2,C1X090
59,,0.0,2002.0,10.0,3,C1X090
61,,0.0,2002.0,11.0,1,C1X090
63,,0.0,2002.0,11.0,2,C1X090
65,,0.0,2002.0,11.0,3,C1X090
67,,0.0,2002.0,12.0,1,C1X090
69,,46.0,2002.0,12.0,2,C1X090
71,,28.5,2002.0,12.0,3,C1X090
1,,13.0,2003.0,1.0,1,C1X090
3,,0.0,2003.0,1.0,2,C1X090
5,,5.5,2003.0,1.0,3,C1X090
7,,18.5,2003.0,2.0,1,C1X090
9,,0.0,2003.0,2.0,2,C1X090
11,,0.0,2003.0,2.0,3,C1X090
13,,10.5,2003.0,3.0,1,C1X090
15,,0.0,2003.0,3.0,2,C1X090
17,,0.0,2003.0,3.0,3,C1X090
19,,65.5,2003.0,4.0,1,C1X090
21,,0.5,2003.0,4.0,2,C1X090
23,,0.0,2003.0,4.0,3,C1X090
25,,1.0,2003.0,5.0,1,C1X090
27,,30.5,2003.0,5.0,2,C1X090
29,,0.0,2003.0,5.0,3,C1X090
31,,208.0,2003.0,6.0,1,C1X090
33,,147.0,2003.0,6.0,2,C1X090
35,,23.0,2003.0,6.0,3,C1X090
37,,21.0,2003.0,7.0,1,C1X090
39,,0.0,2003.0,7.0,2,C1X090
41,,1.5,2003.0,7.0,3,C1X090
43,,61.0,2003.0,8.0,1,C1X090
45,,52.5,2003.0,8.0,2,C1X090
47,,0.5,2003.0,8.0,3,C1X090
49,,57.0,2003.0,9.0,1,C1X090
51,,0.0,2003.0,9.0,2,C1X090
53,,20.5,2003.0,9.0,3,C1X090
55,,0.0,2003.0,10.0,1,C1X090
57,,0.0,2003.0,10.0,2,C1X090
59,,0.0,2003.0,10.0,3,C1X090
61,,0.0,2003.0,11.0,1,C1X090
63,,0.0,2003.0,11.0,2,C1X090
65,,4.5,2003.0,11.0,3,C1X090
67,,0.0,2003.0,12.0,1,C1X090
69,,0.0,2003.0,12.0,2,C1X090
71,,0.0,2003.0,12.0,3,C1X090
1,,0.0,2004.0,1.0,1,C1X090
3,,7.0,2004.0,1.0,2,C1X090
5,,0.0,2004.0,1.0,3,C1X090
7,,6.5,2004.0,2.0,1,C1X090
9,,0.0,2004.0,2.0,2,C1X090
11,,0.0,2004.0,2.0,3,C1X090
13,,3.5,2004.0,3.0,1,C1X090
15,,0.0,2004.0,3.0,2,C1X090
17,,19.0,2004.0,3.0,3,C1X090
19,,35.5,2004.0,4.0,1,C1X090
21,,8.0,2004.0,4.0,2,C1X090
23,,0.0,2004.0,4.0,3,C1X090
25,,1.5,2004.0,5.0,1,C1X090
27,,19.5,2004.0,5.0,2,C1X090
29,,26.0,2004.0,5.0,3,C1X090
31,,2.5,2004.0,6.0,1,C1X090
33,,1.0,2004.0,6.0,2,C1X090
35,,6.0,2004.0,6.0,3,C1X090
37,,287.0,2004.0,7.0,1,C1X090
39,,29.5,2004.0,7.0,2,C1X090
41,,40.5,2004.0,7.0,3,C1X090
43,,1.5,2004.0,8.0,1,C1X090
45,,49.0,2004.0,8.0,2,C1X090
47,,170.5,2004.0,8.0,3,C1X090
49,,110.0,2004.0,9.0,1,C1X090
51,,161.5,2004.0,9.0,2,C1X090
53,,0.0,2004.0,9.0,3,C1X090
55,,0.0,2004.0,10.0,1,C1X090
57,,0.0,2004.0,10.0,2,C1X090
59,,0.0,2004.0,10.0,3,C1X090
61,,1.5,2004.0,11.0,1,C1X090
63,,0.0,2004.0,11.0,2,C1X090
65,,1.0,2004.0,11.0,3,C1X090
67,,104.0,2004.0,12.0,1,C1X090
69,,0.0,2004.0,12.0,2,C1X090
71,,0.0,2004.0,12.0,3,C1X090
1,,0.0,2005.0,1.0,1,C1X090
3,,7.5,2005.0,1.0,2,C1X090
5,,0.0,2005.0,1.0,3,C1X090
7,,0.0,2005.0,2.0,1,C1X090
9,,12.0,2005.0,2.0,2,C1X090
11,,59.0,2005.0,2.0,3,C1X090
13,,7.0,2005.0,3.0,1,C1X090
15,,16.5,2005.0,3.0,2,C1X090
17,,91.0,2005.0,3.0,3,C1X090
19,,0.5,2005.0,4.0,1,C1X090
21,,12.0,2005.0,4.0,2,C1X090
23,,12.5,2005.0,4.0,3,C1X090
25,,97.5,2005.0,5.0,1,C1X090
27,,18.5,2005.0,5.0,2,C1X090
29,,57.5,2005.0,5.0,3,C1X090
31,,131.5,2005.0,6.0,1,C1X090
33,,836.5,2005.0,6.0,2,C1X090
35,,108.5,2005.0,6.0,3,C1X090
37,,0.0,2005.0,7.0,1,C1X090
39,,655.0,2005.0,7.0,2,C1X090
41,,180.0,2005.0,7.0,3,C1X090
43,,11.5,2005.0,8.0,1,C1X090
45,,242.5,2005.0,8.0,2,C1X090
47,,27.5,2005.0,8.0,3,C1X090
49,,352.0,2005.0,9.0,1,C1X090
51,,0.0,2005.0,9.0,2,C1X090
53,,3.0,2005.0,9.0,3,C1X090
55,,55.0,2005.0,10.0,1,C1X090
57,,0.0,2005.0,10.0,2,C1X090
59,,6.5,2005.0,10.0,3,C1X090
61,,0.0,2005.0,11.0,1,C1X090
63,,0.0,2005.0,11.0,2,C1X090
65,,4.5,2005.0,11.0,3,C1X090
67,,0.0,2005.0,12.0,1,C1X090
69,,0.0,2005.0,12.0,2,C1X090
71,,7.5,2005.0,12.0,3,C1X090
1,,0.0,2006.0,1.0,1,C1X090
3,,2.0,2006.0,1.0,2,C1X090
5,,5.5,2006.0,1.0,3,C1X090
7,,0.0,2006.0,2.0,1,C1X090
9,,0.0,2006.0,2.0,2,C1X090
11,,0.0,2006.0,2.0,3,C1X090
13,,1.5,2006.0,3.0,1,C1X090
15,,1.0,2006.0,3.0,2,C1X090
17,,14.0,2006.0,3.0,3,C1X090
19,,5.0,2006.0,4.0,1,C1X090
21,,151.0,2006.0,4.0,2,C1X090
23,,20.0,2006.0,4.0,3,C1X090
25,,0.5,2006.0,5.0,1,C1X090
27,,61.5,2006.0,5.0,2,C1X090
29,,172.0,2006.0,5.0,3,C1X090
31,,375.0,2006.0,6.0,1,C1X090
33,,40.5,2006.0,6.0,2,C1X090
35,,3.5,2006.0,6.0,3,C1X090
37,,30.5,2006.0,7.0,1,C1X090
39,,288.0,2006.0,7.0,2,C1X090
41,,225.0,2006.0,7.0,3,C1X090
43,,55.0,2006.0,8.0,1,C1X090
45,,23.5,2006.0,8.0,2,C1X090
47,,10.0,2006.0,8.0,3,C1X090
49,,80.0,2006.0,9.0,1,C1X090
51,,2.0,2006.0,9.0,2,C1X090
53,,0.0,2006.0,9.0,3,C1X090
55,,0.0,2006.0,10.0,1,C1X090
57,,0.0,2006.0,10.0,2,C1X090
59,,2.0,2006.0,10.0,3,C1X090
61,,5.0,2006.0,11.0,1,C1X090
63,,10.5,2006.0,11.0,2,C1X090
65,,22.5,2006.0,11.0,3,C1X090
67,,0.0,2006.0,12.0,1,C1X090
69,,4.5,2006.0,12.0,2,C1X090
71,,0.0,2006.0,12.0,3,C1X090
1,,14.0,2007.0,1.0,1,C1X090
3,,54.0,2007.0,1.0,2,C1X090
5,,0.0,2007.0,1.0,3,C1X090
7,,2.5,2007.0,2.0,1,C1X090
9,,0.0,2007.0,2.0,2,C1X090
11,,5.5,2007.0,2.0,3,C1X090
13,,4.5,2007.0,3.0,1,C1X090
15,,0.0,2007.0,3.0,2,C1X090
17,,11.5,2007.0,3.0,3,C1X090
19,,12.0,2007.0,4.0,1,C1X090
21,,22.5,2007.0,4.0,2,C1X090
23,,3.5,2007.0,4.0,3,C1X090
25,,53.5,2007.0,5.0,1,C1X090
27,,125.5,2007.0,5.0,2,C1X090
29,,19.0,2007.0,5.0,3,C1X090
31,,253.0,2007.0,6.0,1,C1X090
33,,54.0,2007.0,6.0,2,C1X090
35,,59.5,2007.0,6.0,3,C1X090
37,,40.0,2007.0,7.0,1,C1X090
39,,167.0,2007.0,7.0,2,C1X090
41,,0.0,2007.0,7.0,3,C1X090
43,,116.5,2007.0,8.0,1,C1X090
45,,475.0,2007.0,8.0,2,C1X090
47,,85.5,2007.0,8.0,3,C1X090
49,,35.0,2007.0,9.0,1,C1X090
51,,13.5,2007.0,9.0,2,C1X090
53,,37.0,2007.0,9.0,3,C1X090
55,,191.5,2007.0,10.0,1,C1X090
57,,3.0,2007.0,10.0,2,C1X090
59,,0.0,2007.0,10.0,3,C1X090
61,,0.0,2007.0,11.0,1,C1X090
63,,0.0,2007.0,11.0,2,C1X090
65,,13.5,2007.0,11.0,3,C1X090
67,,0.0,2007.0,12.0,1,C1X090
69,,0.0,2007.0,12.0,2,C1X090
71,,0.0,2007.0,12.0,3,C1X090
1,,0.0,2008.0,1.0,1,C1X090
3,,0.5,2008.0,1.0,2,C1X090
5,,19.5,2008.0,1.0,3,C1X090
7,,1.5,2008.0,2.0,1,C1X090
9,,0.0,2008.0,2.0,2,C1X090
11,,7.5,2008.0,2.0,3,C1X090
13,,3.5,2008.0,3.0,1,C1X090
15,,0.0,2008.0,3.0,2,C1X090
17,,12.0,2008.0,3.0,3,C1X090
19,,0.5,2008.0,4.0,1,C1X090
21,,40.0,2008.0,4.0,2,C1X090
23,,13.5,2008.0,4.0,3,C1X090
25,,0.5,2008.0,5.0,1,C1X090
27,,5.5,2008.0,5.0,2,C1X090
29,,39.5,2008.0,5.0,3,C1X090
31,,187.5,2008.0,6.0,1,C1X090
33,,360.0,2008.0,6.0,2,C1X090
35,,102.5,2008.0,6.0,3,C1X090
37,,41.5,2008.0,7.0,1,C1X090
39,,185.0,2008.0,7.0,2,C1X090
41,,171.0,2008.0,7.0,3,C1X090
43,,70.0,2008.0,8.0,1,C1X090
45,,5.5,2008.0,8.0,2,C1X090
47,,50.0,2008.0,8.0,3,C1X090
49,,6.0,2008.0,9.0,1,C1X090
51,,147.5,2008.0,9.0,2,C1X090
53,,154.5,2008.0,9.0,3,C1X090
55,,28.0,2008.0,10.0,1,C1X090
57,,0.0,2008.0,10.0,2,C1X090
59,,0.0,2008.0,10.0,3,C1X090
61,,25.0,2008.0,11.0,1,C1X090
63,,1.5,2008.0,11.0,2,C1X090
65,,0.0,2008.0,11.0,3,C1X090
67,,0.0,2008.0,12.0,1,C1X090
69,,0.0,2008.0,12.0,2,C1X090
71,,1.5,2008.0,12.0,3,C1X090
1,,0.0,2009.0,1.0,1,C1X090
3,,0.0,2009.0,1.0,2,C1X090
5,,0.0,2009.0,1.0,3,C1X090
7,,0.0,2009.0,2.0,1,C1X090
9,,3.0,2009.0,2.0,2,C1X090
11,,0.0,2009.0,2.0,3,C1X090
13,,50.0,2009.0,3.0,1,C1X090
15,,0.0,2009.0,3.0,2,C1X090
17,,6.5,2009.0,3.0,3,C1X090
19,,0.0,2009.0,4.0,1,C1X090
21,,22.0,2009.0,4.0,2,C1X090
23,,35.0,2009.0,4.0,3,C1X090
25,,0.0,2009.0,5.0,1,C1X090
27,,0.0,2009.0,5.0,2,C1X090
29,,5.5,2009.0,5.0,3,C1X090
31,,23.5,2009.0,6.0,1,C1X090
33,,73.0,2009.0,6.0,2,C1X090
35,,99.5,2009.0,6.0,3,C1X090
37,,4.0,2009.0,7.0,1,C1X090
39,,55.0,2009.0,7.0,2,C1X090
41,,42.0,2009.0,7.0,3,C1X090
43,,968.5,2009.0,8.0,1,C1X090
45,,6.0,2009.0,8.0,2,C1X090
47,,0.0,2009.0,8.0,3,C1X090
49,,6.5,2009.0,9.0,1,C1X090
51,,3.0,2009.0,9.0,2,C1X090
53,,15.0,2009.0,9.0,3,C1X090
55,,7.5,2009.0,10.0,1,C1X090
57,,0.0,2009.0,10.0,2,C1X090
59,,0.0,2009.0,10.0,3,C1X090
61,,19.0,2009.0,11.0,1,C1X090
63,,1.0,2009.0,11.0,2,C1X090
65,,0.0,2009.0,11.0,3,C1X090
67,,0.0,2009.0,12.0,1,C1X090
69,,9.5,2009.0,12.0,2,C1X090
71,,3.0,2009.0,12.0,3,C1X090
1,,9.5,2010.0,1.0,1,C1X090
3,,0.0,2010.0,1.0,2,C1X090
5,,3.5,2010.0,1.0,3,C1X090
7,,0.0,2010.0,2.0,1,C1X090
9,,28.5,2010.0,2.0,2,C1X090
11,,0.0,2010.0,2.0,3,C1X090
13,,0.0,2010.0,3.0,1,C1X090
15,,0.0,2010.0,3.0,2,C1X090
17,,0.0,2010.0,3.0,3,C1X090
19,,2.5,2010.0,4.0,1,C1X090
21,,2.5,2010.0,4.0,2,C1X090
23,,35.0,2010.0,4.0,3,C1X090
25,,0.0,2010.0,5.0,1,C1X090
27,,0.0,2010.0,5.0,2,C1X090
29,,88.5,2010.0,5.0,3,C1X090
31,,9.0,2010.0,6.0,1,C1X090
33,,144.5,2010.0,6.0,2,C1X090
35,,68.5,2010.0,6.0,3,C1X090
37,,3.0,2010.0,7.0,1,C1X090
39,,34.0,2010.0,7.0,2,C1X090
41,,437.5,2010.0,7.0,3,C1X090
43,,7.0,2010.0,8.0,1,C1X090
45,,6.0,2010.0,8.0,2,C1X090
47,,46.5,2010.0,8.0,3,C1X090
49,,189.0,2010.0,9.0,1,C1X090
51,,211.0,2010.0,9.0,2,C1X090
53,,0.0,2010.0,9.0,3,C1X090
55,,0.0,2010.0,10.0,1,C1X090
57,,0.0,2010.0,10.0,2,C1X090
59,,34.0,2010.0,10.0,3,C1X090
61,,33.0,2010.0,11.0,1,C1X090
63,,31.0,2010.0,11.0,2,C1X090
65,,0.0,2010.0,11.0,3,C1X090
67,,0.0,2010.0,12.0,1,C1X090
69,,17.5,2010.0,12.0,2,C1X090
71,,0.0,2010.0,12.0,3,C1X090
1,,0.0,2011.0,1.0,1,C1X090
3,,5.5,2011.0,1.0,2,C1X090
5,,4.5,2011.0,1.0,3,C1X090
7,,0.0,2011.0,2.0,1,C1X090
9,,10.5,2011.0,2.0,2,C1X090
11,,0.0,2011.0,2.0,3,C1X090
13,,4.0,2011.0,3.0,1,C1X090
14,,0.5,2011.0,3.0,2,C1X090
15,,5.5,2011.0,3.0,3,C1X090
16,,0.0,2011.0,4.0,1,C1X090
17,,17.5,2011.0,4.0,2,C1X090
18,,2.0,2011.0,4.0,3,C1X090
19,,0.0,2011.0,5.0,1,C1X090
20,,25.5,2011.0,5.0,2,C1X090
21,,33.5,2011.0,5.0,3,C1X090
22,,51.0,2011.0,6.0,1,C1X090
23,,1.0,2011.0,6.0,2,C1X090
24,,169.5,2011.0,6.0,3,C1X090
25,,6.0,2011.0,7.0,1,C1X090
26,,194.5,2011.0,7.0,2,C1X090
27,,16.5,2011.0,7.0,3,C1X090
28,,4.0,2011.0,8.0,1,C1X090
29,,0.0,2011.0,8.0,2,C1X090
30,,151.0,2011.0,8.0,3,C1X090
31,,3.0,2011.0,9.0,1,C1X090
32,,0.5,2011.0,9.0,2,C1X090
33,,3.0,2011.0,9.0,3,C1X090
34,,7.0,2011.0,10.0,1,C1X090
35,,26.5,2011.0,10.0,2,C1X090
36,,0.0,2011.0,10.0,3,C1X090
37,,212.0,2011.0,11.0,1,C1X090
38,,10.0,2011.0,11.0,2,C1X090
39,,0.0,2011.0,11.0,3,C1X090
40,,4.5,2011.0,12.0,1,C1X090
41,,0.5,2011.0,12.0,2,C1X090
42,,1.0,2011.0,12.0,3,C1X090
0,,1.5,2012.0,1.0,1,C1X090
1,,1.5,2012.0,1.0,2,C1X090
2,,4.0,2012.0,1.0,3,C1X090
3,,5.0,2012.0,2.0,1,C1X090
4,,0.0,2012.0,2.0,2,C1X090
5,,15.5,2012.0,2.0,3,C1X090
6,,0.0,2012.0,3.0,1,C1X090
7,,3.5,2012.0,3.0,2,C1X090
8,,0.0,2012.0,3.0,3,C1X090
9,,0.0,2012.0,4.0,1,C1X090
10,,25.5,2012.0,4.0,2,C1X090
11,,185.5,2012.0,4.0,3,C1X090
12,,35.0,2012.0,5.0,1,C1X090
13,,191.5,2012.0,5.0,2,C1X090
14,,16.0,2012.0,5.0,3,C1X090
15,,154.5,2012.0,6.0,1,C1X090
16,,451.5,2012.0,6.0,2,C1X090
17,,77.5,2012.0,6.0,3,C1X090
18,,23.0,2012.0,7.0,1,C1X090
19,,31.5,2012.0,7.0,2,C1X090
20,,129.0,2012.0,7.0,3,C1X090
21,,190.5,2012.0,8.0,1,C1X090
22,,58.5,2012.0,8.0,2,C1X090
23,,111.0,2012.0,8.0,3,C1X090
24,,0.5,2012.0,9.0,1,C1X090
25,,0.0,2012.0,9.0,2,C1X090
26,,0.0,2012.0,9.0,3,C1X090
27,,0.0,2012.0,10.0,1,C1X090
28,,0.0,2012.0,10.0,2,C1X090
29,,2.0,2012.0,10.0,3,C1X090
30,,0.0,2012.0,11.0,1,C1X090
31,,70.0,2012.0,11.0,2,C1X090
32,,11.0,2012.0,11.0,3,C1X090
33,,19.0,2012.0,12.0,1,C1X090
34,,0.0,2012.0,12.0,2,C1X090
35,,4.0,2012.0,12.0,3,C1X090
0,,3.0,2013.0,1.0,1,C1X090
1,,7.5,2013.0,1.0,2,C1X090
2,,0.0,2013.0,1.0,3,C1X090
3,,6.5,2013.0,2.0,1,C1X090
4,,0.0,2013.0,2.0,2,C1X090
5,,0.0,2013.0,2.0,3,C1X090
6,,0.0,2013.0,3.0,1,C1X090
7,,2.5,2013.0,3.0,2,C1X090
8,,6.0,2013.0,3.0,3,C1X090
9,,133.0,2013.0,4.0,1,C1X090
10,,3.0,2013.0,4.0,2,C1X090
11,,6.0,2013.0,4.0,3,C1X090
12,,13.0,2013.0,5.0,1,C1X090
13,,194.0,2013.0,5.0,2,C1X090
14,,23.5,2013.0,5.0,3,C1X090
15,,37.5,2013.0,6.0,1,C1X090
16,,31.5,2013.0,6.0,2,C1X090
17,,86.0,2013.0,6.0,3,C1X090
18,,2.5,2013.0,7.0,1,C1X090
19,,54.0,2013.0,7.0,2,C1X090
20,,25.0,2013.0,7.0,3,C1X090
21,,2.0,2013.0,8.0,1,C1X090
22,,15.5,2013.0,8.0,2,C1X090
23,,581.5,2013.0,8.0,3,C1X090
24,,0.5,2013.0,9.0,1,C1X090
25,,1.5,2013.0,9.0,2,C1X090
26,,11.5,2013.0,9.0,3,C1X090
27,,0.0,2013.0,10.0,1,C1X090
28,,0.0,2013.0,10.0,2,C1X090
29,,0.0,2013.0,10.0,3,C1X090
30,,0.0,2013.0,11.0,1,C1X090
31,,0.0,2013.0,11.0,2,C1X090
32,,5.0,2013.0,11.0,3,C1X090
33,,0.0,2013.0,12.0,1,C1X090
34,,33.0,2013.0,12.0,2,C1X090
35,,0.0,2013.0,12.0,3,C1X090
1,,0.0,2014.0,1.0,1,C1X090
3,,0.0,2014.0,1.0,2,C1X090
5,,0.0,2014.0,1.0,3,C1X090
7,,9.5,2014.0,2.0,1,C1X090
9,,6.5,2014.0,2.0,2,C1X090
11,,0.0,2014.0,2.0,3,C1X090
13,,0.0,2014.0,3.0,1,C1X090
15,,0.0,2014.0,3.0,2,C1X090
17,,28.5,2014.0,3.0,3,C1X090
19,,13.5,2014.0,4.0,1,C1X090
21,,4.0,2014.0,4.0,2,C1X090
23,,0.5,2014.0,4.0,3,C1X090
25,,66.0,2014.0,5.0,1,C1X090
27,,35.5,2014.0,5.0,2,C1X090
29,,87.0,2014.0,5.0,3,C1X090
31,,70.0,2014.0,6.0,1,C1X090
33,,27.5,2014.0,6.0,2,C1X090
35,,65.0,2014.0,6.0,3,C1X090
37,,36.5,2014.0,7.0,1,C1X090
39,,20.5,2014.0,7.0,2,C1X090
41,,66.5,2014.0,7.0,3,C1X090
43,,103.5,2014.0,8.0,1,C1X090
45,,357.0,2014.0,8.0,2,C1X090
47,,2.0,2014.0,8.0,3,C1X090
49,,31.0,2014.0,9.0,1,C1X090
51,,118.5,2014.0,9.0,2,C1X090
53,,12.5,2014.0,9.0,3,C1X090
55,,0.0,2014.0,10.0,1,C1X090
57,,0.0,2014.0,10.0,2,C1X090
59,,0.0,2014.0,10.0,3,C1X090
61,,0.0,2014.0,11.0,1,C1X090
63,,2.0,2014.0,11.0,2,C1X090
65,,0.0,2014.0,11.0,3,C1X090
67,,7.0,2014.0,12.0,1,C1X090
69,,1.0,2014.0,12.0,2,C1X090
71,,0.5,2014.0,12.0,3,C1X090
1,,0.0,2015.0,1.0,1,C1X090
3,,14.5,2015.0,1.0,2,C1X090
5,,0.0,2015.0,1.0,3,C1X090
7,,0.0,2015.0,2.0,1,C1X090
9,,2.5,2015.0,2.0,2,C1X090
11,,20.5,2015.0,2.0,3,C1X090
13,,0.0,2015.0,3.0,1,C1X090
15,,1.5,2015.0,3.0,2,C1X090
17,,6.0,2015.0,3.0,3,C1X090
19,,0.5,2015.0,4.0,1,C1X090
21,,21.0,2015.0,4.0,2,C1X090
23,,41.5,2015.0,4.0,3,C1X090
25,,0.0,2015.0,5.0,1,C1X090
27,,65.5,2015.0,5.0,2,C1X090
29,,9.5,2015.0,5.0,3,C1X090
